{"cameraMode":{"drawMode":0,"name":"Shaded","section":"Shading Mode"},"sceneLighting":true,"audioPlay":false,"sceneViewState":{"showFog":true,"showMaterialUpdate":false,"showSkybox":true,"showFlares":true,"showImageEffects":true,"showParticleSystems":true},"in2DMode":false,"pivot":{"x":88.86843872070313,"y":93.3953628540039,"z":66.98816680908203},"rotation":{"x":0.06683974713087082,"y":-0.005390611942857504,"z":-0.00036098092095926404,"w":-0.9977518916130066},"size":115.80733489990235,"orthographic":false}