{"cameraMode":{"drawMode":0,"name":"Shaded","section":"Shading Mode"},"sceneLighting":true,"audioPlay":false,"sceneViewState":{"showFog":true,"showMaterialUpdate":false,"showSkybox":true,"showFlares":true,"showImageEffects":true,"showParticleSystems":true},"in2DMode":false,"pivot":{"x":16.107759475708009,"y":16.02849769592285,"z":81.15010833740235},"rotation":{"x":-0.03057270497083664,"y":-0.045865222811698917,"z":0.001404496724717319,"w":-0.9984817504882813},"size":101.43001556396485,"orthographic":false}