{"cameraMode":{"drawMode":0,"name":"Shaded","section":"Shading Mode"},"sceneLighting":true,"audioPlay":false,"sceneViewState":{"showFog":true,"showMaterialUpdate":false,"showSkybox":true,"showFlares":true,"showImageEffects":true,"showParticleSystems":true},"in2DMode":false,"pivot":{"x":578.0576171875,"y":286.1648864746094,"z":35.754005432128909},"rotation":{"x":0.06683974713087082,"y":-0.005390611942857504,"z":-0.00036098092095926404,"w":-0.9977518916130066},"size":337.6855163574219,"orthographic":false}